stature,weightkg,chestcircumference,waistcircumference,buttockcircumference,crotchheight
1560,657,922,850,1011,759
1665,534,839,708,893,835
1711,663,874,727,987,821
1660,782,1008,923,1012,804
1572,886,1089,1163,1281,726
1707,837,1031,968,1085,864
1644,732,988,964,1049,778
1671,760,968,914,1095,803
1521,545,831,755,965,753
1590,684,1010,944,1045,750
1707,990,1065,935,1248,810
1668,742,1034,942,1014,822
1654,781,1063,995,1049,781
1666,718,937,848,1012,801
1599,709,989,929,1000,772
1673,672,940,835,1007,786
1647,620,835,772,969,765
1678,595,897,805,941,833
1679,741,979,868,1011,835
1615,605,853,792,1021,733
1517,800,1090,1137,1107,664
1674,747,941,881,1050,839
1623,491,857,702,867,770
1668,703,973,954,1038,800
1644,715,975,796,981,831
1579,708,1026,1000,1069,774
1446,488,832,742,917,610
1620,691,921,912,997,774
1684,730,1032,913,1042,822
1619,610,904,821,960,802
1592,658,951,930,1056,755
1655,709,950,901,1035,789
1723,728,965,935,1034,839
1677,846,1115,1077,1154,809
1654,945,1170,1112,1184,764
1634,627,895,812,991,801
1683,578,944,869,933,882
1552,524,833,712,900,762
1617,732,1025,1057,1052,792
1588,791,982,964,1086,731
1641,894,1060,1134,1175,744
1685,689,991,869,979,812
1656,758,994,942,1021,775
1603,731,1071,1019,1041,746
1608,748,945,865,1136,743
1664,806,1094,975,1046,795
1619,714,932,814,1030,807
1620,712,1013,947,1053,808
1720,657,910,794,1009,869
1582,477,793,679,880,774
1720,696,954,890,1050,823
1720,1196,1161,1334,1306,804
1701,887,1135,1076,1160,837
1627,754,1095,1007,1075,737
1536,678,1014,897,1044,694
1546,607,946,832,1006,723
1654,572,814,766,981,803
1605,689,940,878,1028,774
1630,712,988,943,1055,794
1612,604,904,825,979,766
1757,697,876,812,985,934
1670,854,1090,1062,1167,825
1632,617,943,914,1051,770
1635,790,1132,987,1066,767
1682,672,977,868,1007,774
1661,695,977,839,1050,777
1596,669,1006,814,974,754
1596,574,936,804,989,758
1665,815,1065,925,1088,775
1617,618,890,805,993,776
1555,645,900,811,1042,771
1578,557,862,757,969,729
1581,614,896,839,967,718
1698,668,943,821,1051,762
1554,730,1092,1001,1028,705
1756,737,920,860,1045,835
1566,693,1071,922,1016,714
1651,757,1001,1012,1057,816
1585,740,1126,981,1049,723
1657,682,982,870,1030,808
1719,867,1069,931,1200,808
1822,882,1061,895,1165,888
1649,786,1031,925,1141,785
1687,622,924,751,985,773
1698,782,999,1019,1115,828
1530,608,865,784,1060,733
1581,674,998,917,1023,712
1609,686,930,865,1032,773
1644,670,934,847,1015,798
1548,635,856,785,1011,760
1606,773,979,1004,1084,732
1642,555,852,759,945,763
1622,727,1014,955,1104,714
1669,593,841,694,947,794
1745,998,1057,1068,1205,845
1495,581,986,948,999,683
1493,642,951,912,1045,691
1641,758,1068,989,1027,790
1607,683,945,887,1051,721
1560,471,826,698,871,729
1625,665,978,822,975,764
1670,685,978,885,1027,766
1616,579,870,764,947,750
1582,647,1080,943,966,725
1730,591,921,809,951,847
1501,450,846,739,874,709
1515,572,959,826,960,674
1576,721,1022,962,1030,738
1628,676,878,849,1029,790
1586,711,1029,951,1048,716
1737,791,936,889,1083,829
1576,536,834,790,974,734
1626,639,931,811,966,790
1604,628,981,831,991,782
1673,788,1037,958,1069,784
1642,598,981,761,955,774
1538,752,1052,1070,1079,724
1574,686,1028,923,1005,733
1637,668,946,949,1055,778
1620,613,930,858,976,753
1733,742,937,859,1041,824
1526,522,810,721,876,714
1732,767,991,908,1069,820
1624,661,985,880,1030,755
1507,505,844,759,902,694
1560,637,965,919,1033,732
1640,666,985,908,980,806
1675,610,862,731,965,806
1526,581,863,820,975,696
1623,609,870,821,932,770
1584,575,815,740,1054,738
1671,797,1057,1024,1100,768
1552,745,1137,932,1090,699
1633,614,874,827,981,738
1530,677,1004,896,1061,715
1606,508,844,738,968,754
1617,633,950,832,1033,763
1645,711,1013,851,1042,748
1681,727,960,859,1049,808
1655,679,992,906,1050,782
1626,833,1069,1028,1136,763
1635,622,838,786,990,800
1572,616,962,853,966,737
1608,573,899,745,950,742
1662,507,828,737,925,795
1582,611,940,802,998,745
1701,866,1156,1045,1114,852
1602,523,886,763,925,742
1549,676,991,955,1090,705
1561,549,899,719,920,755
1677,571,889,746,935,825
1594,644,907,874,1035,754
1628,649,940,772,1018,756
1549,592,949,802,972,725
1559,563,866,719,974,707
1619,580,907,862,955,734
1690,810,983,1044,1088,800
1698,649,895,817,1001,805
1705,654,892,817,997,798
1625,570,875,816,955,795
1666,805,1012,939,1139,771
1559,671,1026,863,1035,732
1595,673,977,915,1064,745
1634,550,812,764,932,799
1643,708,913,899,1068,814
1667,538,943,782,933,782
1661,771,1032,897,1051,783
1560,602,878,817,1008,776
1610,719,971,900,1062,746
1610,617,906,830,1009,766
1682,761,1024,947,1062,781
1604,739,1028,958,1050,754
1540,560,881,767,981,721
1638,647,919,777,948,795
1656,724,918,896,1081,740
1597,708,1118,968,992,771
1749,953,1130,997,1101,880
1661,748,1002,879,1058,775
1526,700,1039,1000,1030,749
1583,655,934,931,1078,733
1533,499,844,748,916,722
1575,553,821,734,940,773
1776,924,1072,1021,1171,825
1713,716,1084,874,1016,806
1653,676,918,803,992,748
1516,641,1032,935,1017,709
1658,666,971,810,983,820
1617,663,1022,882,1021,749
1687,763,987,920,1084,829
1603,717,1036,1085,1099,779
1539,643,990,923,1003,692
1603,591,965,840,973,756
1620,529,817,783,920,758
1617,694,993,924,1076,765
1600,699,1031,972,1040,738
1572,592,877,774,981,769
1632,540,818,708,926,774
1690,701,945,879,1092,780
1682,681,916,830,1010,776
1657,864,1050,980,1150,780
1672,672,881,883,1010,808
1621,559,912,754,933,745
1623,566,854,767,956,736
1633,585,887,868,958,767
1526,628,1005,938,979,727
1570,467,825,682,836,753
1616,599,874,762,978,776
1690,642,972,802,1020,805
1637,813,1026,1060,1144,748
1718,719,979,922,1060,833
1588,548,873,783,974,732
1520,485,844,707,877,700
1618,658,921,795,1061,785
1631,753,1000,862,1059,760
1642,636,938,929,974,807
1719,752,952,858,1056,859
1715,755,931,784,1067,853
1653,469,814,632,832,840
1590,537,913,809,951,751
1751,758,950,912,1071,850
1583,679,950,941,1079,780
1627,684,915,854,1055,785
1586,677,923,885,1004,768
1675,617,909,783,957,763
1606,717,986,927,1045,716
1680,642,870,785,991,831
1773,740,942,858,1031,871
1680,792,1105,958,1015,836
1645,581,838,707,946,787
1558,727,1086,1004,1037,704
1665,704,985,905,1055,785
1601,653,960,989,1002,789
1658,725,964,906,1066,775
1623,721,1015,854,1065,744
1661,561,862,738,932,778
1563,583,861,784,919,737
1630,677,927,871,989,761
1528,576,906,811,965,694
1653,559,847,728,923,772
1512,468,841,763,867,741
1629,567,855,793,950,762
1675,820,1072,1001,1093,795
1498,664,988,922,1054,642
1538,626,984,829,1019,731
1567,653,938,850,1057,716
1590,539,866,731,917,748
1573,750,1063,996,1042,734
1595,704,949,871,1091,750
1610,675,982,1036,1008,766
1565,640,935,835,1021,747
1523,470,845,665,884,692
1570,502,836,671,920,755
1556,597,949,769,977,732
1599,646,954,850,964,734
1611,726,940,936,1051,785
1681,631,915,758,965,754
1585,631,925,888,1014,769
1614,660,1032,941,1022,776
1674,789,988,812,1159,828
1653,531,838,704,910,843
1593,708,992,1027,1057,746
1592,625,969,885,969,782
1617,680,957,872,1021,747
1589,734,1093,1041,1126,758
1597,688,997,859,1023,770
1698,840,1090,1022,1115,772
1619,647,923,790,1013,734
1663,561,844,711,914,783
1606,735,1011,941,1077,757
1609,733,997,1076,1108,757
1696,605,943,797,983,815
1723,722,934,904,1063,815
1748,908,1031,979,1135,830
1695,760,985,888,1114,796
1648,606,935,769,969,757
1579,573,872,807,985,714
1587,602,996,839,978,761
1604,669,994,975,1063,757
1603,829,1131,1127,1131,774
1712,765,966,930,1115,810
1628,671,908,907,1006,772
1520,589,985,919,1004,688
1640,615,896,839,1007,795
1616,529,864,697,934,774
1684,847,1095,1088,1158,825
1649,596,890,805,971,785
1677,666,965,844,1018,806
1653,676,958,915,1011,783
1638,658,926,862,1046,790
1646,596,878,835,1035,773
1619,735,951,1000,1079,756
1530,556,858,789,997,734
1603,561,870,777,975,783
1680,560,875,796,925,850
1602,871,1139,1017,1142,734
1447,736,1064,1074,1152,639
1627,613,923,688,921,793
1594,505,861,713,921,759
1688,823,1057,1035,1092,787
1547,561,896,827,942,709
1621,754,991,950,1082,751
1625,593,904,805,1006,768
1597,695,981,896,1020,776
1602,820,1046,905,1118,768
1614,583,952,833,943,803
1743,920,1067,1055,1206,783
1603,841,1105,1071,1146,721
1576,842,1196,1111,1176,706
1619,660,999,871,1022,758
1754,896,1052,969,1151,835
1709,842,1014,942,1079,833
1789,845,1048,964,1117,904
1587,596,896,887,1005,726
1687,688,943,838,1037,795
1665,690,899,826,1081,804
1573,748,996,950,1087,755
1654,699,911,819,1038,745
1582,691,1005,920,999,724
1575,566,873,744,977,724
1600,699,976,880,1026,756
1584,468,834,740,868,750
1535,701,986,829,1121,684
1593,832,1062,1029,1100,725
1583,789,1004,973,1104,723
1608,592,896,845,955,722
1663,583,861,828,961,798
1609,746,951,1020,1113,739
1513,428,772,675,871,740
1704,853,1034,1007,1140,813
1708,664,899,858,997,812
1506,577,955,804,973,710
1583,565,867,811,944,733
1731,714,971,864,1030,799
1669,762,966,871,1036,852
1640,556,800,824,933,787
1613,561,812,724,909,767
1640,641,946,849,988,787
1581,766,1008,918,1050,730
1664,702,971,829,987,835
1562,561,918,799,966,713
1722,812,987,1017,1101,846
1564,725,969,900,1073,698
1589,686,979,917,1039,759
1789,924,1017,970,1165,850
1608,662,1058,884,944,748
1595,562,887,796,973,764
1590,564,859,785,938,761
1575,653,980,870,985,685
1539,679,1037,905,1083,737
1654,777,984,958,1100,781
1616,632,959,855,1021,766
1646,697,988,869,1010,822
1548,681,900,875,1064,758
1617,570,827,722,985,753
1527,742,1089,1034,1089,694
1653,589,895,757,908,795
1606,750,1024,995,1035,767
1700,744,948,812,1029,845
1672,815,1131,954,1119,795
1728,765,988,928,1039,847
1677,827,1098,1049,1082,832
1790,793,1033,958,1064,855
1643,735,960,912,1084,756
1584,620,955,822,989,768
1583,659,1023,935,1004,752
1640,705,1000,957,1037,785
1562,493,866,707,911,746
1650,643,881,771,1001,805
1656,654,950,806,1009,770
1624,655,1020,1002,998,752
1631,856,1159,1044,1138,721
1715,632,866,815,975,850
1607,648,908,752,1048,759
1600,604,883,831,941,744
1571,702,993,880,1099,716
1603,659,920,817,1062,757
1599,771,1122,938,1075,753
1602,524,829,797,964,759
1642,685,925,773,1036,825
1715,1017,1096,1103,1237,795
1634,487,862,679,883,751
1657,824,1059,1055,1184,784
1626,724,1086,856,1000,756
1536,617,968,868,967,739
1698,696,908,818,1068,797
1652,753,956,846,1047,759
1611,785,1043,1032,1148,750
1764,812,1003,911,1128,849
1586,485,825,650,912,737
1592,595,899,804,991,757
1782,740,958,880,1034,877
1708,799,1028,970,1063,838
1650,645,957,841,986,780
1612,725,1007,949,1101,770
1660,600,842,766,960,787
1629,630,884,811,994,759
1630,762,992,978,1047,735
1743,696,913,738,1024,826
1688,818,1152,1001,1067,787
1580,508,836,705,888,755
1610,665,957,901,985,763
1556,400,757,620,832,728
1585,736,985,1000,1081,753
1685,770,1036,952,1034,790
1592,630,943,823,999,715
1698,761,960,919,1076,797
1648,690,875,886,1051,782
1575,573,879,791,950,738
1602,617,935,794,983,767
1669,663,886,822,1025,813
1637,850,1018,996,1128,726
1690,601,929,798,962,833
1664,655,935,795,1039,778
1710,716,932,940,1050,830
1596,611,906,716,973,785
1656,1000,1150,1164,1250,784
1586,791,991,870,1147,749
1653,676,1000,886,1041,774
1661,740,1045,831,1046,728
1495,501,862,749,904,713
1633,587,900,811,970,776
1652,696,976,850,1070,780
1596,599,899,779,1030,762
1715,809,1003,1009,1076,818
1724,788,995,939,1080,828
1741,797,955,907,1137,855
1707,746,910,851,1105,795
1684,740,945,917,1100,768
1586,569,892,780,936,757
1611,829,1066,1046,1114,738
1658,770,1040,939,1038,783
1673,751,980,909,1108,787
1770,889,1100,1076,1171,840
1574,661,872,799,1040,723
1715,842,1059,1009,1151,821
1525,558,852,865,986,687
1650,983,1142,1154,1195,776
1537,535,870,814,955,719
1568,581,880,801,973,757
1569,684,892,830,1004,720
1711,725,957,807,1036,806
1639,757,1070,1073,1060,760
1638,733,962,946,1075,773
1756,704,930,845,1053,818
1618,590,895,748,966,787
1745,835,1050,1003,1114,843
1569,635,925,814,1043,691
1668,546,895,782,925,818
1619,610,895,780,990,746
1657,820,1101,1016,1103,766
1628,685,910,847,1017,766
1660,574,903,803,945,832
1683,616,878,733,953,782
1672,678,846,866,1017,823
1623,558,836,745,937,775
1672,588,870,705,917,795
1619,591,869,784,984,775
1558,511,794,712,948,707
1649,591,845,742,951,773
1730,671,880,805,1022,836
1527,522,843,730,917,693
1670,565,838,761,940,792
1583,774,1077,1000,1084,734
1643,730,963,885,1038,776
1717,669,1012,800,1020,837
1623,718,1000,945,1098,798
1630,594,860,810,964,747
1710,680,925,808,995,802
1730,779,1002,961,1102,815
1725,695,960,772,1044,814
1680,755,957,928,1075,813
1682,645,922,889,1011,826
1680,843,1157,1050,1045,786
1829,688,915,777,997,917
1675,643,885,866,1012,815
1727,689,1040,842,1006,825
1615,651,1003,842,956,765
1497,460,837,690,850,692
1613,610,871,750,1037,738
1771,925,1115,950,1137,837
1588,666,924,829,1010,735
1736,821,997,995,1075,877
1664,591,870,767,1014,795
1584,722,1025,898,1086,745
1712,770,1006,940,1097,870
1658,617,876,787,978,790
1646,685,933,812,1056,825
1723,689,966,820,1026,817
1578,587,900,813,1002,757
1671,742,1040,845,1059,824
1580,820,1045,1011,1136,772
1584,557,925,758,967,748
1670,648,975,814,928,790
1585,566,910,770,946,777
1638,584,952,809,944,774
1589,599,907,817,1013,767
1659,785,1089,938,1060,778
1550,654,943,845,1015,757
1730,838,1047,995,1068,856
1500,644,1027,907,1074,693
1615,809,1038,983,1062,800
1645,677,906,801,1042,766
1727,847,1095,1029,1096,868
1667,781,1032,1052,1096,837
1519,552,981,848,901,695
1700,832,1113,955,1054,815
1628,694,860,807,1069,783
1600,786,1068,855,1102,739
1747,851,1025,969,1082,860
1583,678,925,900,1061,742
1662,645,927,800,990,787
1697,618,873,720,952,842
1732,843,948,942,1051,830
1647,793,982,1015,1106,787
1589,727,1029,1019,1035,790
1545,645,965,829,1029,742
1659,755,1028,937,1053,836
1522,555,891,885,950,705
1651,779,997,816,1085,813
1767,763,1016,922,1059,862
1608,785,1008,965,1116,768
1605,717,997,931,1086,789
1734,674,902,895,1003,828
1661,730,972,829,1105,755
1589,754,960,980,1137,768
1741,776,912,800,1076,827
1670,810,1079,1012,1085,799
1680,667,865,801,1030,810
1736,791,957,915,1130,790
1682,763,990,937,1058,845
1714,650,936,811,997,798
1546,513,856,691,888,695
1634,591,917,813,953,802
1568,658,930,890,1032,742
1536,504,876,782,915,735
1584,685,962,927,1028,767
1646,629,882,874,981,810
1664,568,891,765,935,775
1658,661,902,800,965,795
1738,683,910,734,1003,840
1745,791,923,775,1065,867
1595,907,1072,1061,1220,762
1625,783,987,926,1097,781
1623,709,967,865,1057,760
1518,509,841,752,915,695
1525,623,1008,877,990,706
1557,664,919,900,1053,750
1730,921,1093,1054,1113,863
1601,671,983,903,1035,742
1597,547,839,728,938,788
1743,784,1027,947,1034,812
1683,590,925,754,960,793
1752,763,1015,921,1005,865
1618,709,967,851,1075,743
1620,703,1018,851,1040,769
1649,581,862,790,949,799
1709,593,846,764,922,835
1587,753,1044,992,1059,722
1632,662,917,816,955,770
1527,683,1057,965,1027,698
1660,758,1034,975,1021,773
1632,613,864,734,980,795
1742,730,942,820,1034,828
1709,700,885,848,1031,810
1619,751,1048,925,1033,740
1675,738,996,927,1009,792
1634,642,988,837,1004,778
1679,595,892,802,980,808
1614,569,848,846,945,764
1684,596,861,778,983,827
1597,631,937,853,968,779
1610,589,855,730,957,777
1688,746,943,886,1100,849
1725,864,997,929,1157,865
1609,608,936,900,946,795
1585,504,810,759,906,748
1562,549,887,816,956,761
1547,530,897,770,916,705
1611,692,961,895,1036,758
1740,713,1004,880,991,870
1555,705,972,904,1079,718
1650,699,971,938,1023,813
1583,659,913,906,1030,708
1647,632,858,750,1005,772
1532,696,946,845,1061,769
1619,593,920,811,972,797
1704,695,902,888,1008,809
1689,797,970,774,1056,834
1657,619,911,846,1004,802
1647,677,926,861,1005,840
1670,544,892,724,879,842
1496,646,971,928,1002,750
1717,882,1117,1026,1101,824
1531,634,943,915,1043,719
1666,765,981,987,1092,831
1574,654,892,915,1045,743
1663,837,1000,888,1105,803
1617,652,975,863,982,780
1585,624,1005,857,966,776
1647,994,1195,1037,1217,812
1643,748,1016,950,1075,804
1677,649,901,877,999,835
1670,542,889,665,919,826
1651,814,983,885,1165,760
1525,563,883,812,969,700
1715,967,1152,1096,1197,787
1602,837,1148,1006,1035,753
1570,502,855,685,873,762
1662,657,901,944,1001,808
1561,707,983,973,1063,736
1543,669,968,975,1080,742
1562,597,923,853,981,766
1627,720,897,885,1072,760
1678,750,940,816,1057,783
1608,673,990,982,1076,787
1672,784,906,856,1132,826
1661,516,769,710,898,781
1574,630,1010,890,1011,737
1670,793,1046,990,1062,808
1585,564,895,793,1001,714
1574,687,997,962,1049,698
1617,590,846,727,969,803
1592,603,904,770,994,788
1705,699,991,930,1020,803
1620,573,878,849,947,796
1579,654,957,882,1003,790
1661,603,876,749,958,812
1595,771,955,935,1074,778
1646,767,1062,903,1038,762
1522,667,932,890,1038,725
1760,783,928,900,1079,875
1505,518,850,752,897,721
1708,663,838,803,994,861
1659,655,938,861,963,839
1613,690,1004,906,992,797
1666,680,905,870,988,816
1565,609,918,860,1014,767
1578,646,859,785,1037,795
1480,540,880,770,930,733
1636,530,829,756,933,799
1608,789,945,901,1063,803
1552,431,825,658,801,787
1559,746,985,873,1089,751
1595,712,998,1033,1090,767
1674,727,1016,863,1052,799
1661,613,845,761,974,802
1550,574,878,792,917,800
1597,655,902,832,1013,768
1543,577,884,753,946,729
1636,585,837,760,930,823
1563,627,923,913,1012,722
1506,535,905,779,934,718
1689,652,851,803,969,832
1600,702,992,878,1047,756
1827,931,1021,1080,1136,918
1594,532,824,742,937,829
1768,735,974,817,1014,898
1658,557,783,759,897,818
1629,655,945,865,981,769
1672,691,975,855,1027,806
1783,965,1013,967,1134,910
1571,702,970,992,1011,765
1525,523,838,736,875,753
1595,660,923,876,999,812
1708,814,1009,947,1082,855
1818,952,1029,1000,1145,891
1688,658,832,802,956,844
1568,503,782,695,936,760
1555,547,885,807,943,744
1645,688,988,918,1034,763
1631,604,833,750,958,838
1563,669,919,881,1005,743
1566,599,926,806,1000,764
1585,616,870,875,1014,813
1518,548,872,798,952,732
1590,604,838,716,938,805
1462,519,845,829,920,695
1599,640,930,943,1007,742
1665,669,845,834,1058,820
1712,791,1007,958,1063,828
1634,598,908,796,958,828
1628,736,975,865,1030,798
1625,825,1080,1052,1077,811
1718,756,996,881,1083,809
1604,595,773,767,946,783
1748,863,996,978,1171,841
1650,686,935,936,983,790
1679,763,965,970,1063,787
1635,725,995,904,1052,802
1673,639,862,783,979,823
1643,559,856,772,927,802
1691,764,964,960,1044,839
1672,699,969,871,1001,828
1638,630,839,825,1010,792
1676,606,803,734,954,818
1655,680,918,852,1017,811
1675,654,914,813,1029,798
1508,538,820,765,960,729
1679,731,1006,955,1058,778
1692,766,970,882,1099,806
1631,577,882,800,935,783
1533,598,909,827,984,723
1563,686,996,887,1064,763
1655,708,908,830,1049,775
1496,488,786,697,880,665
1777,766,935,857,1052,875
1546,583,897,788,948,750
1685,685,906,936,1039,825
1608,585,850,768,975,763
1632,719,929,833,1044,815
1690,649,892,802,993,854
1655,583,798,742,926,817
1574,648,933,850,1027,770
1659,564,841,758,923,809
1541,478,812,706,870,708
1675,591,843,775,951,853
1652,665,936,912,1038,779
1593,649,945,886,1042,763
1565,512,784,755,905,735
1530,496,804,765,872,716
1600,744,932,897,1026,764
1615,680,927,868,984,798
1557,506,783,790,900,775
1679,591,846,785,938,802
1662,712,909,864,1045,802
1696,844,1121,967,1121,811
1657,547,892,760,939,835
1495,487,814,726,903,684
1644,612,939,842,989,792
1652,722,933,865,1035,793
1566,567,894,888,959,778
1653,688,957,819,1002,816
1604,542,787,739,945,747
1594,611,853,805,980,763
1627,672,989,880,1038,761
1729,749,927,810,1029,855
1602,585,883,803,928,773
1615,605,930,787,977,783
1645,601,862,787,986,765
1623,621,877,821,948,759
1595,609,830,723,922,785
1480,470,798,628,833,685
1696,786,955,951,1085,831
1680,725,958,857,1066,853
1590,516,787,726,894,775
1529,501,802,700,870,707
1551,626,917,860,980,765
1709,787,942,832,1072,867
1589,572,947,818,927,737
1616,670,902,813,1058,821
1643,535,825,705,925,775
1587,638,844,768,1037,794
1691,752,888,779,1043,823
1558,519,824,699,894,753
1611,602,843,768,961,806
1724,701,915,898,1011,867
1623,782,958,900,1063,767
1686,611,880,791,903,805
1587,631,1011,895,973,740
1546,540,803,710,903,712
1682,619,914,827,941,856
1519,577,848,812,985,717
1631,673,867,808,1002,828
1525,608,909,789,1027,753
1657,905,1110,1092,1158,789
1653,682,975,815,995,816
1447,683,1018,937,1036,678
1615,778,1068,1040,1056,808
1732,648,958,854,1009,855
1733,1082,1212,1076,1265,846
1760,875,1004,1031,1165,857
1669,788,1052,930,1078,803
1602,844,1073,976,1124,806
1611,667,910,916,998,757
1607,749,1057,927,1030,826
1582,827,1043,1032,1158,743
1636,695,902,925,1057,798
1702,697,909,889,1027,829
1591,528,783,708,887,775
1724,785,1036,925,1062,819
1657,669,965,833,1030,820
1591,556,830,827,929,745
1630,840,1077,1042,1160,764
1730,831,945,961,1061,827
1695,735,943,866,1064,837
1598,763,948,911,1110,788
1606,637,953,875,1006,752
1644,700,975,906,1016,814
1575,626,923,835,1037,737
1642,607,881,787,960,790
1615,705,986,943,1031,814
1570,689,988,913,1110,756
1607,633,896,778,974,789
1626,564,823,722,916,823
1729,729,935,843,1009,838
1501,618,932,782,970,745
1657,618,883,791,947,819
1614,546,813,761,911,829
1660,686,954,853,1015,829
1675,641,884,725,927,821
1638,635,865,779,970,840
1584,634,869,834,1010,818
1680,684,927,800,1021,811
1667,680,896,835,965,822
1758,751,946,825,1053,859
1688,851,950,962,1139,848
1636,582,895,823,965,775
1607,709,910,846,1036,769
1594,664,876,959,1062,778
1694,757,962,907,1025,794
1606,632,910,807,993,794
1687,674,863,853,987,838
1574,602,896,753,978,799
1603,616,898,839,965,783
1559,584,921,762,922,781
1659,717,914,861,1042,787
1614,606,920,845,960,774
1630,648,869,818,994,790
1435,478,860,760,885,653
1672,751,951,885,1037,823
1708,739,936,872,1020,880
1676,686,1017,887,991,778
1609,620,844,788,1018,768
1590,740,1000,937,1055,753
1629,598,832,798,946,809
1598,645,888,826,987,781
1560,563,895,761,939,804
1688,686,919,822,959,837
1745,696,906,803,970,870
1673,631,865,791,955,851
1662,729,950,846,1035,806
1576,548,906,762,889,730
1720,650,908,860,954,853
1701,700,906,867,1033,832
1620,580,815,793,930,780
1670,738,952,928,1044,796
1630,478,775,672,853,787
1636,583,815,785,958,797
1714,849,956,916,1177,835
1702,732,927,854,1027,853
1590,609,855,778,981,780
1643,654,900,771,1031,795
1769,832,946,897,1101,868
1549,591,882,822,970,745
1533,695,973,935,985,698
1592,609,848,828,964,768
1609,650,903,841,975,778
1569,550,815,754,933,739
1586,659,883,865,1017,755
1574,701,902,827,1059,757
1617,689,930,887,1012,747
1589,607,866,836,972,792
1679,736,931,917,1040,864
1700,564,826,739,915,832
1623,566,847,779,931,754
1677,681,857,775,981,821
1598,660,920,860,1018,769
1625,536,784,700,898,807
1685,647,840,812,963,861
1685,776,1025,908,1059,787
1623,563,794,733,898,823
1674,675,945,904,994,828
1653,604,890,814,959,801
1587,542,957,872,965,741
1595,664,1008,980,1071,765
1563,744,998,1046,1096,723
1674,621,909,841,980,796
1439,585,982,824,977,617
1718,810,1018,955,1074,822
1589,511,796,717,930,710
1645,717,1112,964,1030,783
1677,607,913,758,1005,813
1552,591,884,829,1030,723
1523,636,1073,999,1005,730
1612,715,1012,941,1088,778
1642,574,917,776,946,821
1732,716,979,822,1003,851
1600,540,877,752,931,769
1409,426,824,716,815,640
1620,585,889,759,926,789
1746,828,960,898,1112,899
1688,740,983,852,1055,911
1606,765,976,920,1054,742
1658,852,1029,1047,1130,795
1590,671,915,904,1066,751
1781,760,922,875,1060,850
1690,695,992,850,1062,807
1654,754,1015,987,1079,830
1583,663,945,870,1079,735
1523,480,843,743,912,750
1685,830,1096,910,1100,822
1672,756,974,964,1095,877
1641,784,1032,934,1046,810
1644,594,882,780,985,788
1597,766,1013,951,1104,797
1732,678,899,795,969,877
1529,517,847,815,907,720
1620,662,953,848,1015,771
1643,665,993,797,966,786
1556,613,897,927,961,742
1630,729,1015,986,1086,806
1614,701,924,884,1103,743
1464,426,737,673,872,667
1749,729,962,810,1039,854
1618,761,998,933,1076,768
1631,719,937,995,1077,815
1704,794,1004,966,1100,817
1669,705,924,874,1036,789
1586,727,1023,1013,1044,768
1602,609,887,735,998,791
1620,800,950,1072,1130,762
1575,625,917,834,1046,790
1513,768,1052,1065,1167,710
1573,578,868,818,973,780
1649,639,861,828,990,824
1657,749,980,945,1040,787
1538,650,945,900,1002,756
1684,633,857,831,1033,863
1550,526,885,822,932,750
1630,766,994,1021,1117,782
1693,934,1202,1157,1148,912
1557,667,982,861,1042,763
1627,622,882,765,971,753
1666,942,1208,1085,1078,827
1599,641,930,880,995,774
1547,692,985,1012,1074,760
1636,646,922,831,1006,783
1547,525,889,797,916,750
1629,490,792,762,918,807
1560,749,997,922,1108,747
1751,852,1051,1035,1092,872
1625,772,908,1012,1083,775
1573,643,964,864,986,764
1599,722,980,962,1079,790
1547,693,972,914,983,712
1735,737,921,862,1094,821
1670,725,1003,957,1045,801
1678,816,1035,897,1147,785
1604,570,863,812,964,762
1631,660,939,865,998,791
1684,804,980,1054,1190,860
1715,852,1030,973,1163,817
1635,662,1035,947,966,800
1666,706,933,902,1041,822
1705,577,860,782,909,868
1629,526,873,755,905,835
1718,808,976,990,1098,833
1626,834,1003,972,1126,777
1616,750,951,922,1069,793
1602,619,924,895,1031,733
1667,675,966,885,1034,807
1645,702,1022,910,1023,800
1670,659,947,827,1000,818
1621,712,941,840,1085,783
1721,1028,1066,1032,1196,842
1606,759,1091,903,1061,762
1567,659,953,875,1005,732
1720,644,904,790,979,826
1639,689,900,875,1063,753
1730,863,1013,983,1110,853
1682,949,1147,1139,1168,824
1720,630,874,792,995,825
1783,1069,1214,1133,1181,880
1641,639,893,881,991,787
1568,683,902,907,1101,718
1640,630,940,850,994,849
1556,718,989,945,1054,749
1647,874,1033,1069,1160,830
1630,752,995,920,1111,773
1587,852,1154,1095,1157,774
1627,827,1172,1039,1098,755
1638,559,870,765,936,809
1644,821,1110,1042,1078,829
1603,663,982,880,990,740
1713,638,897,811,978,838
1721,799,966,987,1114,867
1573,589,838,793,999,721
1619,761,996,918,1102,773
1524,672,1006,1040,1060,712
1605,541,882,803,901,748
1617,697,1035,838,983,771
1601,616,895,878,988,808
1703,852,1053,1040,1148,889
1574,582,882,785,957,756
1596,742,1036,943,1027,787
1602,609,876,800,966,783
1599,690,964,916,1026,775
1632,675,935,961,1013,760
1660,886,1098,1065,1159,763
1568,652,924,847,1046,759
1639,826,1032,1020,1158,796
1591,556,923,790,904,783
1628,719,934,887,1080,790
1615,822,1077,975,1088,775
1680,965,1098,1100,1205,845
1590,624,907,896,982,825
1563,435,726,660,854,779
1641,753,1090,1021,1022,780
1710,553,836,790,900,834
1566,578,901,816,989,750
1573,713,1023,966,1048,784
1669,776,980,966,1083,833
1607,655,976,809,985,745
1633,578,922,787,890,816
1699,843,1126,907,1089,843
1638,670,892,877,1002,783
1634,764,1000,878,1102,824
1660,663,864,734,982,830
1604,671,880,861,1010,803
1693,706,980,885,961,803
1595,636,936,820,985,773
1694,646,882,796,962,835
1626,658,934,835,975,770
1613,789,1021,922,1092,759
1614,585,887,769,963,787
1630,589,900,812,959,795
1716,785,1035,973,1063,839
1510,676,1013,952,1021,725
1639,862,1100,1113,1110,787
1576,605,981,907,952,747
1677,950,1095,1068,1156,844
1669,649,985,843,955,841
1592,616,884,755,999,803
1606,715,1030,910,1025,763
1597,765,1012,943,1102,771
1610,652,890,819,1045,779
1811,773,878,905,1104,913
1639,734,1028,1018,1087,788
1635,549,825,757,928,783
1751,802,1041,893,1092,835
1626,695,1023,849,1041,780
1688,647,949,768,990,796
1588,657,914,850,1051,745
1635,871,1111,1090,1139,761
1624,580,855,835,976,826
1634,796,1015,946,1107,787
1749,761,929,852,1066,884
1646,576,925,741,939,793
1600,870,1129,1060,1138,780
1600,766,1008,1017,1060,823
1517,548,845,782,1002,736
1659,826,1039,1030,1115,810
1718,651,902,853,1007,806
1533,570,948,881,965,738
1592,719,1051,948,1043,741
1636,726,1003,846,1044,797
1648,716,882,875,1026,813
1669,832,1056,982,1091,801
1655,604,965,791,954,818
1770,764,932,844,1023,880
1752,934,1051,1028,1181,880
1741,573,850,768,961,850
1608,582,830,775,993,772
1636,553,889,718,890,770
1555,698,1005,871,1021,731
1573,640,925,840,1063,752
1623,590,844,719,951,745
1534,604,900,811,976,770
1543,666,954,920,1070,718
1744,670,925,812,998,854
1623,633,902,814,1033,776
1587,618,947,818,1008,723
1563,645,944,844,1036,748
1655,582,899,787,930,820
1612,796,1033,948,1182,799
1636,609,900,834,995,766
1709,823,996,972,1127,841
1547,567,906,763,925,769
1657,510,896,710,894,799
1695,601,876,805,945,850
1720,716,955,843,1046,907
1587,681,912,866,1040,745
1676,940,1160,981,1142,820
1726,686,844,840,1033,839
1616,671,948,866,1042,750
1747,689,928,745,984,873
1705,786,1042,930,1016,844
1685,704,906,824,1015,835
1594,504,776,669,887,777
1687,598,872,769,944,812
1700,760,1005,877,1022,865
1658,780,1055,970,1072,811
1562,712,1006,880,1101,755
1658,665,953,870,997,799
1688,735,935,900,1080,803
1524,544,895,752,937,706
1611,678,992,805,1008,787
1627,648,900,842,994,825
1614,663,953,917,1001,771
1598,779,971,853,1142,768
1643,702,990,953,1019,803
1611,592,873,816,962,812
1520,563,852,778,985,711
1697,927,1039,963,1143,811
1640,801,992,931,1068,820
1672,772,970,889,1104,795
1662,704,936,805,1008,845
1601,590,882,776,967,797
1580,640,978,795,1007,749
1676,842,997,936,1112,799
1536,546,822,702,957,723
1561,715,932,918,1156,770
1475,575,903,828,1012,715
1532,522,798,698,907,762
1646,725,957,839,1072,830
1657,517,854,774,913,808
1648,631,896,828,994,811
1586,537,804,722,912,817
1609,597,900,805,963,773
1562,607,944,821,957,754
1507,577,875,797,972,722
1468,499,881,764,911,697
1636,687,926,847,1011,773
1585,680,1021,863,995,754
1607,632,919,868,1007,764
1657,776,989,907,1051,782
1606,638,961,883,1046,798
1705,783,994,946,1098,833
1605,602,836,735,982,808
1666,771,944,952,1102,815
1635,617,896,833,954,798
1498,462,841,737,864,710
1619,591,863,715,1003,785
1559,574,870,808,959,747
1639,621,902,758,949,808
1574,618,914,883,977,743
1530,518,824,789,920,736
1552,631,881,812,1022,749
1572,653,929,838,1008,755
1670,646,900,770,964,846
1574,569,807,707,928,769
1636,661,950,798,1008,829
1575,598,892,856,994,732
1676,533,852,716,944,820
1705,755,1071,940,1011,843
1603,702,987,907,1034,800
1593,655,961,832,1032,756
1611,644,912,836,965,818
1673,680,947,840,1026,803
1689,715,893,790,1040,845
1529,499,837,733,918,712
1602,523,882,700,899,777
1764,740,1057,805,1006,847
1648,750,956,937,1102,823
1587,604,976,867,976,786
1492,430,808,641,822,740
1567,750,1082,951,1063,724
1563,716,1002,845,1103,796
1663,723,966,876,1019,816
1617,765,1030,951,1081,749
1683,660,904,790,969,853
1636,600,914,752,979,805
1628,695,933,807,1008,806
1536,637,917,852,984,752
1530,602,874,880,989,720
1678,815,1022,913,1105,840
1682,773,956,885,1054,851
1585,537,850,742,900,804
1588,672,912,826,1002,797
1718,698,895,820,993,876
1655,809,1021,1010,1176,790
1705,722,893,820,1053,854
1608,630,976,792,965,775
1607,654,886,766,989,829
1490,484,847,728,900,700
1563,653,956,895,987,773
1677,669,824,811,1064,846
1615,668,945,856,1025,777
1570,672,907,772,1076,789
1563,597,887,826,1034,733
1627,658,929,844,983,782
1743,657,863,756,990,887
1635,681,917,893,1050,786
1699,894,1070,1059,1193,842
1503,643,883,781,1035,728
1637,857,1103,932,1116,770
1544,560,854,746,935,754
1493,613,908,801,962,720
1645,662,913,928,1010,799
1707,719,923,806,1025,842
1611,586,889,749,967,784
1543,576,845,767,926,750
1604,560,874,748,932,776
1588,616,851,798,990,778
1543,533,811,722,912,742
1630,678,998,888,1034,803
1674,776,974,784,1000,810
1560,658,935,778,1012,726
1620,666,1001,930,997,778
1613,549,790,740,957,778
1541,539,854,818,927,742
1595,814,1056,1026,1153,770
1600,611,923,796,950,794
1690,777,942,865,1078,826
1612,725,930,892,1046,791
1559,664,945,891,995,739
1678,806,1037,985,1110,813
1608,522,836,767,949,785
1559,478,790,698,881,719
1683,845,1040,1031,1113,858
1586,685,985,869,1060,769
1646,646,932,853,983,811
1656,679,908,788,1019,811
1515,509,820,755,901,729
1754,745,953,868,1018,863
1699,670,934,773,1028,828
1573,573,969,847,940,750
1657,597,841,799,982,820
1655,665,998,895,973,808
1502,505,826,740,896,727
1653,749,953,927,1074,773
1633,756,1001,905,1046,765
1585,634,956,837,953,787
1632,768,975,896,1123,751
1616,804,1019,968,1122,773
1670,762,971,941,1091,815
1632,526,890,698,919,766
1648,653,834,785,983,855
1576,726,1046,928,1030,801
1606,557,920,783,915,762
1652,599,869,772,981,793
1625,759,1003,970,1071,800
1598,607,955,880,960,778
1618,669,1068,946,1064,765
1674,697,988,915,1014,804
1563,614,912,855,1025,720
1728,742,1027,881,1098,821
1590,671,995,855,1055,753
1636,577,834,825,974,802
1655,803,972,939,1061,803
1707,634,928,837,1003,810
1676,681,891,822,1062,814
1633,734,998,895,1083,749
1607,672,983,803,1032,763
1618,662,919,911,1036,739
1708,703,916,822,1086,801
1735,709,920,790,1022,827
1715,586,855,700,915,850
1570,493,923,727,898,737
1642,733,988,849,1045,769
1788,996,1098,1174,1170,826
1600,648,913,837,1035,785
1675,729,936,835,1033,775
1634,902,1093,1114,1165,776
1576,754,1037,960,1078,734
1599,654,903,814,988,778
1598,708,883,824,1054,761
1548,647,986,889,1016,728
1607,631,920,790,993,787
1686,666,904,775,1027,804
1640,667,865,827,1003,747
1563,497,864,707,903,741
1591,558,848,788,953,751
1678,921,1097,982,1160,839
1670,695,937,804,1044,806
1529,563,947,847,914,718
1616,603,860,757,970,778
1620,647,959,860,1022,785
1510,642,945,827,1041,709
1626,701,1022,852,1069,761
1600,583,859,815,985,760
1679,843,1076,966,1108,782
1600,696,1055,928,1068,736
1618,735,1072,906,1062,787
1629,470,863,729,859,789
1651,608,901,775,973,786
1596,515,791,742,933,796
1654,717,983,882,1070,816
1776,889,1035,995,1167,897
1546,532,845,705,956,742
1676,747,990,876,999,813
1585,622,924,775,1018,740
1594,574,899,733,924,729
1629,565,870,781,950,755
1581,646,972,840,1017,769
1614,529,855,751,902,773
1559,648,947,834,1012,726
1697,751,967,878,1054,831
1674,740,1026,879,1031,789
1692,758,1018,974,1039,805
1615,554,849,760,903,753
1762,852,1045,964,1075,874
1573,814,986,1025,1155,735
1674,824,1064,966,1102,780
1531,503,874,761,930,735
1505,607,964,905,998,704
1700,692,858,851,1007,842
1539,640,992,903,981,725
1620,650,885,820,989,764
1712,580,828,719,935,804
1554,601,927,810,1010,730
1598,601,821,728,985,764
1612,664,968,845,1002,787
1707,703,857,806,1053,867
1611,616,922,764,980,775
1599,654,967,854,975,721
1569,589,848,747,964,770
1663,524,864,656,902,783
1666,706,962,886,1016,786
1659,676,837,801,998,794
1543,623,965,895,966,730
1571,628,931,916,998,753
1618,503,795,681,908,773
1610,599,910,790,996,757
1512,508,786,680,922,745
1555,520,785,725,884,742
1729,831,1050,942,1055,809
1593,622,964,838,950,764
1609,706,973,883,1027,770
1648,667,917,907,1032,812
1631,730,953,878,1045,784
1712,842,1032,980,1129,801
1541,549,799,794,955,743
1663,609,864,754,981,834
1614,670,990,844,986,773
1598,711,1006,860,1013,775
1617,655,951,865,1006,749
1658,771,999,900,1053,778
1642,668,935,769,1002,783
1698,707,905,863,1066,822
1648,757,1045,936,1027,802
1756,857,990,866,1116,864
1651,678,922,842,1018,809
1634,630,893,819,998,774
1709,745,882,794,1025,847
1686,564,828,746,918,860
1645,721,1009,878,1040,757
1565,646,925,835,980,777
1537,444,805,690,853,747
1511,591,918,800,982,684
1649,696,941,848,1034,821
1458,445,808,694,876,686
1759,726,893,765,997,871
1558,707,904,885,1090,723
1688,643,937,797,980,791
1581,654,869,831,1019,782
1583,626,902,840,975,759
1643,736,926,871,1059,775
1752,853,1031,955,1109,846
1600,750,948,936,1188,749
1618,797,1086,905,1094,750
1710,837,1053,1005,1052,841
1585,590,838,756,952,777
1595,512,840,719,887,779
1614,621,945,794,987,775
1663,810,1058,967,1074,781
1617,614,915,846,972,765
1596,544,853,738,952,801
1602,603,875,790,960,798
1694,792,1021,926,1064,808
1510,618,1015,853,1014,734
1534,603,995,886,954,705
1634,885,1127,970,1102,766
1679,842,1038,1000,1146,772
1618,798,1011,956,1189,741
1658,634,908,840,975,772
1643,561,870,749,914,822
1652,774,992,905,1140,797
1615,730,988,847,1078,762
1674,850,1022,933,1133,824
1527,643,995,883,980,722
1518,505,877,710,908,716
1653,729,840,825,1116,784
1659,835,1035,866,1105,787
1570,463,807,668,918,727
1570,802,1063,1121,1015,741
1653,951,1153,1121,1150,730
1712,582,815,680,945,864
1519,703,999,863,1035,699
1702,1019,1145,1127,1232,852
1627,645,915,801,985,747
1516,721,1065,942,1086,741
1583,661,1032,900,974,760
1647,589,896,775,984,839
1594,528,837,702,929,751
1617,623,913,783,982,788
1674,896,1188,1032,1056,822
1605,833,1030,981,1130,761
1649,916,1139,1090,1100,787
1603,677,869,780,1094,783
1620,535,773,726,957,780
1584,712,1052,908,1004,762
1579,527,860,725,918,787
1608,721,1045,933,1070,754
1656,589,932,781,935,780
1639,731,953,867,1101,780
1630,620,854,771,986,766
1615,695,1033,991,1031,747
1584,620,939,850,923,690
1664,669,954,814,989,821
1545,543,893,830,901,709
1688,648,867,862,1025,805
1673,625,842,701,973,816
1647,643,866,807,1079,780
1637,736,957,957,1111,752
1787,824,1036,922,1118,883
1503,701,992,895,1103,717
1562,699,1040,940,1021,733
1558,754,1021,912,1088,719
1576,647,946,818,1026,754
1628,666,961,830,1050,783
1748,831,1100,944,1117,806
1572,632,994,840,972,742
1743,746,937,824,1070,838
1561,589,920,904,1000,753
1623,643,925,825,989,774
1649,705,965,908,1047,829
1661,760,1074,901,1073,800
1668,680,976,847,1010,843
1722,695,941,842,1074,829
1674,868,1045,1077,1113,817
1663,653,902,770,1003,812
1543,804,1001,856,1164,719
1561,673,935,763,1042,763
1587,516,802,682,885,794
1495,526,928,841,878,701
1645,914,1129,1106,1178,780
1653,919,1061,1045,1194,771
1685,757,1005,993,1053,805
1569,717,1048,1017,1080,762
1656,738,915,851,1032,821
1672,769,920,860,1102,779
1622,692,932,785,1015,787
1664,609,894,765,951,774
1636,596,854,737,954,770
1666,740,1045,953,1029,841
1558,804,1056,973,1134,744
1674,934,1093,958,1135,845
1534,568,952,812,1028,733
1630,626,847,923,1071,811
1671,738,1005,878,1070,806
1789,808,968,816,1102,855
1553,624,852,831,1032,747
1673,775,1010,903,1159,765
1598,631,902,824,1043,768
1798,875,990,972,1070,907
1641,650,888,800,960,804
1718,650,848,772,965,820
1568,638,1001,925,990,767
1652,642,923,840,991,819
1676,698,954,829,1037,818
1595,831,1083,968,1107,744
1697,962,1053,1095,1266,804
1703,930,1167,1050,1181,825
1567,489,826,696,882,756
1554,536,818,760,926,762
1645,629,930,736,987,821
1625,510,818,651,874,761
1560,654,966,837,1035,755
1501,588,946,798,1003,744
1617,650,931,880,990,775
1660,679,913,790,1010,807
1635,719,1053,1045,1042,780
1621,920,984,1033,1174,773
1596,618,920,757,996,734
1649,712,951,885,1077,759
1590,643,921,893,1050,765
1630,793,935,968,1112,785
1505,575,903,930,1005,708
1590,686,979,837,1051,754
1613,688,882,840,1019,804
1620,778,981,900,1064,772
1687,765,1053,955,1097,784
1613,590,887,796,964,762
1648,626,964,833,975,792
1820,908,1016,891,1147,930
1613,500,863,656,866,817
1719,688,978,808,1008,836
1543,567,926,803,995,723
1674,622,913,807,979,832
1662,707,981,865,993,837
1612,685,945,876,1024,787
1605,571,836,723,936,781
1560,846,1112,1056,1181,700
1664,618,814,711,1001,838
1662,672,943,780,977,794
1620,692,924,778,1055,763
1567,469,764,637,880,737
1689,674,873,790,994,827
1576,529,845,718,905,804
1596,644,861,840,981,757
1684,819,1023,1026,1083,789
1702,683,908,817,1014,811
1745,582,852,689,932,843
1599,532,861,764,949,799
1628,703,985,858,1038,753
1651,807,1037,855,1150,765
1592,569,886,825,970,739
1587,504,897,787,912,745
1628,743,955,941,1035,780
1627,648,918,840,1026,775
1617,652,949,846,960,769
1582,548,830,790,957,790
1537,561,897,776,936,762
1629,663,916,823,996,793
1640,577,900,725,971,814
1675,790,934,908,1150,827
1592,671,996,908,1019,799
1633,691,1020,942,980,811
1733,773,919,863,1126,877
1610,622,893,733,945,783
1566,620,943,852,964,773
1639,691,990,898,987,804
1580,626,885,879,1056,763
1557,587,873,751,940,759
1683,694,913,864,1030,805
1597,647,930,779,1034,753
1598,621,883,884,999,771
1613,698,956,940,1077,787
1649,656,835,769,1013,787
1672,602,847,757,986,833
1713,743,891,784,1084,828
1641,744,1032,991,1069,781
1612,633,928,788,989,756
1596,621,892,807,970,752
1442,467,821,720,901,683
1555,639,978,849,1001,732
1497,579,915,858,1011,723
1612,708,973,889,1058,742
1690,698,911,757,1033,829
1634,654,981,828,1054,764
1509,542,900,820,915,729
1582,593,862,739,1047,754
1465,497,909,789,902,671
1545,526,913,733,894,734
1475,480,825,740,903,699
1633,557,951,808,926,813
1631,724,976,967,1090,799
1626,661,945,909,1033,774
1533,794,1057,962,1115,736
1553,572,904,834,963,741
1752,785,946,948,1058,870
1618,676,976,848,1027,768
1634,530,887,721,902,773
1689,777,991,865,1116,789
1534,524,877,793,973,729
1629,601,900,731,968,787
1628,559,893,750,899,777
1603,530,845,744,928,762
1547,578,880,780,997,724
1585,644,1010,860,1045,764
1638,693,1016,900,1071,821
1754,849,1033,955,1143,858
1623,607,895,753,954,743
1614,623,919,825,971,783
1676,601,870,774,945,805
1560,516,825,679,877,759
1637,505,792,716,930,799
1542,532,892,699,957,733
1536,566,904,814,978,698
1613,732,945,853,1030,773
1595,576,908,783,939,778
1659,807,1005,860,1178,805
1564,622,895,750,1037,748
1686,726,1014,960,1039,808
1678,711,978,873,1037,793
1573,572,975,923,937,762
1589,623,889,791,980,753
1621,602,884,771,970,778
1679,805,1135,983,1098,832
1598,561,914,787,942,755
1713,520,766,657,923,869
1550,578,880,781,955,742
1583,580,834,740,971,802
1540,612,834,819,1057,739
1541,585,936,805,963,698
1622,875,1052,1010,1181,748
1793,773,1015,905,1054,878
1713,755,1026,920,1061,846
1603,678,1043,924,1032,745
1711,888,1062,1003,1117,831
1641,665,921,780,980,797
1494,580,963,1003,1015,749
1672,665,1029,863,985,807
1616,649,884,856,1030,755
1585,673,983,902,1022,754
1612,744,1065,1010,1075,777
1663,576,869,759,982,817
1656,735,1004,893,1093,749
1598,636,940,844,1039,774
1545,432,770,665,851,764
1634,747,1072,930,1083,764
1704,669,971,807,991,854
1664,826,1100,957,1111,800
1522,578,873,868,1015,728
1646,637,907,782,1013,805
1557,758,1019,966,1060,724
1625,594,950,778,1024,754
1671,872,1143,980,1120,813
1535,693,970,850,1083,736
1591,500,903,670,886,745
1567,567,916,745,961,708
1540,589,868,826,1026,752
1573,640,987,860,972,751
1637,683,942,797,1029,811
1604,566,908,706,943,741
1740,632,881,730,945,875
1563,591,882,743,939,770
1773,760,907,805,1081,848
1672,664,966,912,1002,829
1564,658,931,853,1044,703
1600,710,968,847,1081,785
1586,551,830,726,947,750
1566,593,883,795,984,765
1683,661,959,837,971,806
1613,658,910,816,1057,743
1572,634,940,814,1023,726
1584,480,869,693,871,753
1706,660,900,798,1005,820
1620,601,887,807,978,742
1640,546,807,778,943,847
1711,1166,1266,1305,1261,851
1641,793,1042,919,1080,819
1567,454,791,611,853,723
1629,499,814,698,867,831
1479,358,695,615,798,698
1663,700,912,859,1037,813
1749,770,934,887,1089,947
1592,649,984,911,998,735
1591,550,887,733,932,754
1710,875,1081,979,1095,869
1684,768,1012,968,1057,843
1625,763,1018,941,1090,818
1666,650,935,732,985,795
1576,555,896,760,933,740
1685,755,1036,905,1082,817
1629,548,850,715,964,766
1637,705,926,878,1051,807
1597,548,888,788,942,726
1676,763,967,903,1063,827
1672,784,1026,870,1036,851
1707,698,920,848,1065,830
1649,650,879,825,1027,794
1615,794,972,955,1181,744
1629,897,1157,1105,1130,783
1615,525,850,785,928,755
1537,772,976,972,1134,747
1663,657,899,793,989,781
1582,537,888,798,942,777
1499,667,1010,955,1067,680
1771,833,1010,920,1112,851
1545,599,967,855,961,736
1603,649,975,914,994,755
1580,788,1066,938,1105,748
1608,752,1062,960,1016,764
1561,643,941,900,1000,738
1642,613,880,780,965,773
1600,847,1027,935,1165,740
1591,687,953,890,1077,765
1697,697,997,821,988,809
1691,602,870,793,965,794
1563,631,956,775,1068,726
1598,952,1152,1034,1210,737
1631,513,795,664,914,797
1648,694,937,907,1050,789
1496,509,826,768,900,720
1522,520,878,672,915,723
1769,889,1047,965,1115,892
1761,785,900,784,1069,870
1618,678,976,903,1072,785
1612,644,912,841,1007,777
1653,657,940,870,999,803
1598,661,955,852,1063,773
1770,925,1130,993,1145,830
1566,611,1001,866,981,729
1668,611,961,757,975,803
1614,797,973,907,1143,826
1673,682,1021,853,967,795
1588,489,840,779,875,758
1534,669,1053,926,992,756
1490,617,888,825,1023,713
1611,706,955,938,1056,763
1599,611,909,755,949,773
1645,662,1001,867,996,767
1571,532,910,784,925,731
1657,616,933,753,958,802
1641,737,974,914,1094,773
1710,657,947,826,1039,804
1674,671,986,875,1040,804
1561,831,1180,1095,1129,720
1664,866,1100,1076,1179,783
1743,1054,1101,1087,1275,834
1681,920,1080,1011,1170,811
1498,617,913,931,1032,741
1595,772,1026,888,1105,757
1771,777,1047,971,1083,853
1585,802,1113,1015,1105,778
1819,953,1080,995,1223,896
1683,870,1094,1067,1185,795
1686,730,974,853,1066,807
1703,877,1096,937,1142,793
1707,823,976,967,1122,813
1678,831,1078,1112,1078,847
1646,599,886,700,961,804
1676,725,962,907,1074,820
1703,630,872,810,1006,884
1609,623,901,900,1025,803
1636,821,1100,935,1132,797
1625,624,910,858,982,773
1615,567,883,790,998,784
1603,675,1060,960,1049,755
1641,623,846,778,993,824
1697,644,920,791,956,846
1571,626,926,838,1005,741
1548,713,946,845,1097,753
1633,630,899,799,992,793
1667,820,1032,922,1102,777
1584,762,1043,956,1069,780
1642,697,929,843,1068,796
1736,910,1098,1064,1206,875
1671,801,965,957,1143,804
1595,683,912,820,1060,793
1716,769,964,875,1071,833
1574,601,879,768,971,737
1610,821,1054,1073,1134,753
1643,842,947,913,1160,799
1697,791,992,959,1083,799
1501,575,941,840,980,686
1632,568,884,787,935,792
1654,720,1015,893,1036,821
1571,521,787,706,951,747
1596,689,1031,850,993,803
1589,652,881,796,1016,748
1650,827,1131,1010,1100,788
1611,662,927,910,1008,774
1632,715,971,1013,1090,805
1729,973,1220,1046,1194,824
1533,450,800,650,850,766
1611,504,793,720,884,758
1650,577,848,747,948,815
1473,562,932,867,949,714
1700,728,941,810,1016,857
1692,722,940,807,1091,836
1611,560,826,738,947,797
1734,824,990,920,1106,826
1692,825,1047,918,1096,873
1647,995,1071,1093,1257,807
1599,988,1222,1140,1210,778
1614,815,1102,1017,1074,743
1549,723,950,945,1140,765
1634,736,957,868,1085,769
1760,698,951,805,1022,867
1683,766,1026,944,1048,784
1618,651,900,814,1066,781
1565,518,800,735,917,744
1592,549,868,814,931,776
1636,576,862,787,945,794
1538,583,914,808,956,736
1648,670,883,822,1036,800
1645,631,936,801,1014,795
1623,627,880,842,985,764
1611,676,941,844,1015,794
1602,534,872,747,958,752
1670,748,1008,873,1119,786
1643,644,915,757,964,802
1628,677,979,854,1002,776
1575,620,904,778,998,760
1613,536,834,713,954,770
1598,599,868,771,1008,759
1610,644,898,857,988,773
1597,536,822,739,955,793
1590,882,1086,972,1153,758
1688,646,930,840,989,864
1502,662,936,878,999,734
1593,698,915,788,1072,773
1607,677,1036,895,1056,768
1625,586,881,740,935,755
1525,526,886,767,907,703
1563,564,894,797,939,744
1734,765,923,840,1126,843
1734,871,996,947,1093,880
1728,682,920,812,1008,819
1661,629,893,856,1021,804
1703,568,872,733,969,812
1702,680,971,857,1020,823
1772,669,911,782,990,847
1626,712,928,918,1085,768
1661,781,999,875,1110,768
1549,675,966,835,1021,768
1634,663,938,795,1019,806
1661,793,1016,967,1077,781
1564,604,946,902,962,779
1664,732,1075,902,1059,784
1553,712,1044,986,1043,677
1700,722,909,840,1085,850
1542,610,926,827,988,770
1743,817,987,975,1128,857
1623,799,980,905,1106,824
1590,602,845,770,1007,799
1604,584,882,737,973,751
1627,601,872,752,981,820
1718,834,1014,918,1092,842
1705,973,1173,957,1179,844
1561,557,857,686,929,714
1661,553,803,782,897,872
1620,526,841,700,870,819
1660,614,857,690,983,871
1697,894,1083,1034,1140,847
1699,893,1066,990,1144,829
1740,702,901,800,1061,834
1701,738,1030,879,1058,825
1707,601,900,727,926,838
1560,782,998,991,1148,724
1483,442,780,647,871,705
1587,476,802,678,874,790
1579,642,907,846,1033,778
1659,737,940,850,1055,769
1684,776,972,851,1132,841
1593,620,900,770,1019,738
1589,646,953,843,986,799
1683,697,945,856,1035,776
1704,724,953,795,1050,810
1736,697,1022,883,975,845
1633,620,927,768,986,801
1724,884,1013,857,1169,861
1487,712,1001,982,1104,695
1560,684,1018,915,960,709
1561,623,978,920,1000,758
1618,614,930,816,1010,767
1604,551,930,667,943,751
1658,1121,1141,1198,1341,816
1658,749,970,882,1105,765
1591,709,956,870,1081,757
1638,588,872,780,969,785
1751,876,1003,1016,1152,853
1587,597,857,753,998,753
1540,680,1044,937,1019,726
1576,707,1009,946,1073,720
1737,686,920,745,1034,837
1573,624,901,826,999,753
1622,610,903,805,953,779
1588,582,891,773,963,768
1548,489,843,624,863,719
1662,696,938,865,1029,771
1718,795,976,895,1076,857
1519,600,885,805,1042,688
1573,640,950,826,986,759
1566,712,932,883,1085,735
1529,475,820,696,871,740
1585,735,909,820,1101,725
1611,546,893,730,869,765
1610,562,925,770,940,765
1541,582,947,830,966,708
1766,812,999,870,1094,865
1626,518,838,738,900,790
1644,523,852,706,896,788
1679,756,1023,865,1023,802
1743,674,912,812,1045,858
1658,552,825,670,942,795
1610,690,1031,900,1015,746
1675,636,893,840,1001,804
1637,641,951,784,1037,797
1628,701,934,933,1062,767
1645,793,1004,978,1096,753
1595,660,957,883,1041,761
1731,931,1117,1032,1170,807
1567,661,960,912,1032,759
1628,510,780,672,925,789
1688,686,916,877,1030,817
1706,839,1063,932,1160,828
1543,652,893,840,1028,746
1665,920,1102,1032,1178,805
1690,667,900,783,1035,793
1471,464,823,668,875,691
1616,627,943,882,1008,774
1753,593,901,727,926,880
1626,508,795,698,919,782
1698,727,944,866,1042,804
1545,583,970,777,932,698
1759,669,942,785,1023,823
1732,842,1041,1055,1132,857
1587,601,884,830,978,767
1605,609,920,773,993,766
1530,687,943,872,1032,709
1598,549,887,715,958,757
1524,452,826,674,895,745
1683,835,1055,1066,1095,780
1577,641,901,822,956,778
1583,588,906,749,991,731
1582,563,878,750,938,737
1569,702,1016,895,1011,734
1651,779,1015,876,1071,824
1463,626,998,902,938,689
1659,992,1198,1113,1200,785
1596,626,883,784,1019,765
1600,713,1050,903,1059,726
1557,528,872,715,970,740
1565,552,896,783,925,770
1525,622,962,827,947,728
1613,612,863,860,965,810
1674,529,814,727,915,786
1614,748,996,923,1155,749
1558,582,898,815,993,734
1774,790,942,907,1076,857
1633,618,922,785,1006,790
1611,716,992,1004,1026,738
1768,692,958,858,995,893
1578,635,973,850,1022,769
1619,704,917,901,1128,797
1681,668,946,890,999,794
1613,535,841,728,938,761
1575,615,967,808,962,757
1648,751,1018,918,1146,794
1590,546,867,690,909,753
1609,695,973,905,1053,754
1625,773,990,919,1115,802
1676,751,1012,960,1078,820
1623,700,1040,945,1058,748
1612,502,829,735,882,807
1720,717,984,866,1060,802
1567,644,910,935,1060,738
1770,1072,1203,1076,1168,858
1668,940,1196,1176,1161,807
1588,764,968,886,1108,768
1616,897,1140,1135,1157,769
1593,777,1091,974,1049,756
1572,497,870,721,896,747
1674,662,913,837,971,845
1652,696,1049,851,1018,798
1664,844,1071,996,1126,774
1691,647,910,852,982,814
1657,780,1019,935,1044,784
1704,773,965,927,1104,814
1654,734,952,921,1092,790
1578,695,982,937,1098,727
1645,707,1035,872,1026,761
1631,936,1142,1025,1208,781
1561,857,1055,1106,1171,763
1516,573,914,767,987,728
1749,676,930,823,1031,866
1715,855,1006,933,1140,823
1600,549,929,735,948,753
1683,588,872,772,946,826
1557,715,983,987,1075,747
1548,580,873,837,960,766
1714,697,934,873,1032,830
1649,685,1006,803,1010,771
1528,586,907,804,1021,753
1596,842,1101,1055,1181,723
1658,909,1068,901,1241,829
1701,1047,1168,1172,1314,849
1683,663,896,791,1000,833
1634,766,1154,962,999,762
1695,715,941,745,1034,828
1548,591,898,801,984,745
1587,665,952,955,1016,743
1549,676,991,1032,1045,723
1606,792,1091,1042,1142,741
1508,652,1005,966,1049,712
1733,753,931,844,1110,851
1560,517,886,752,918,762
1739,865,1060,954,1164,848
1629,732,952,857,1058,808
1609,741,923,840,1106,783
1740,906,1093,1090,1140,834
1678,845,943,960,1157,776
1545,631,974,830,977,764
1809,898,1113,1003,1115,843
1764,970,1090,977,1164,867
1606,663,940,855,1038,752
1567,594,952,863,963,738
1594,657,1059,917,887,734
1587,786,1125,919,1070,716
1573,520,837,695,952,751
1624,641,920,792,1027,731
1635,798,1037,1014,1126,775
1580,740,1021,906,1112,791
1691,641,935,795,992,830
1656,803,1072,1012,1132,768
1615,714,1089,965,1081,757
1749,924,973,869,1191,853
1561,668,1042,903,991,737
1674,678,925,817,1046,815
1721,577,865,681,906,883
1704,687,1030,915,1025,821
1636,758,1038,870,1102,781
1583,652,1047,941,966,767
1604,699,994,847,1055,722
1533,474,802,755,878,733
1594,558,931,742,991,746
1719,768,990,960,1110,812
1687,832,1082,1043,1089,779
1613,717,1016,971,1016,732
1644,762,1093,982,1063,793
1616,632,922,837,1051,763
1641,610,902,891,974,783
